Date,Open,High,Low,Close,Adj Close,Volume
16/03/2016,697,702,691.5,700,670.124634,248712
17/03/2016,710,710,695,698,668.210022,75314
18/03/2016,697.5,709,694,705,674.911255,735698
21/03/2016,693,705,693,701,671.08197,217954
22/03/2016,708.5,708.5,692.5,695.5,665.816711,190019
23/03/2016,710,710,694.5,694.5,664.859436,90545
24/03/2016,694,701,693,699,669.167297,446240
29/03/2016,708.5,708.5,689,696.5,666.774048,807615
30/03/2016,700,705,698.5,703,672.996643,536285
31/03/2016,698.5,704.5,693,703.5,673.47522,112324
01/04/2016,696,704,691.5,699.5,669.646057,110830
04/04/2016,701,701.700012,679.5,691,661.508728,291522
05/04/2016,690.5,694.268005,680,682.5,653.371582,292979
06/04/2016,683,703,678,701.5,671.56073,482243
07/04/2016,702,704.5,690.5,700,670.124634,225386
08/04/2016,687.5,702.5,687.5,693,663.423401,156450
11/04/2016,693.5,696,680.5,695,665.338074,120362
12/04/2016,691.5,692,685.5,687,657.679565,149605
13/04/2016,688,697,686.5,695.5,665.816711,192069
14/04/2016,693,696.5,689.150024,693.5,663.902161,115543
15/04/2016,693,699,689,694,664.380798,99593
18/04/2016,688,700,686,699.5,669.646057,246132
19/04/2016,683,701,683,699,669.167297,294356
20/04/2016,682,700.349976,682,693,663.423401,205763
21/04/2016,693.5,695,687.5,690,660.551392,269684
22/04/2016,684,697.5,684,692.5,662.944763,175946
25/04/2016,702.5,702.5,692.5,697.5,667.731384,127197
26/04/2016,696.5,701.5,693.5,695,665.338074,118518
27/04/2016,694,703.5,693.5,700,670.124634,2093450
28/04/2016,691,699,679.61499,694.5,668.680481,222198
29/04/2016,685,686,660.5,663,638.351563,178359
03/05/2016,662.5,681.5,655.5,679.5,654.238159,177860
04/05/2016,680,702.567993,680,700,673.975952,372149
05/05/2016,703.5,717,699,715,688.418335,3576993
06/05/2016,718,725.5,708.5,709,682.641296,238225
09/05/2016,711.5,713.5,707,707.5,681.197266,401357
10/05/2016,722.5,722.5,704,706.5,680.234436,180201
11/05/2016,705.5,714,701.835999,708,681.67865,346008
12/05/2016,723.5,723.5,703.5,710,683.604187,197524
13/05/2016,708,714,700.5,703,676.864502,383734
16/05/2016,700,710,699.5,704.5,678.308655,124582
17/05/2016,721,721,708,716.5,689.86261,105287
18/05/2016,713.5,723,712,717.5,690.825378,539507
19/05/2016,720,731,714.5,724.5,697.565186,145283
20/05/2016,726.5,736,722,736,708.637634,119112
23/05/2016,734,743.5,729.5,742.5,714.895996,147154
24/05/2016,735,746.5,734.757019,742,714.41449,83322
25/05/2016,746,752.5,736.156982,751,723.080017,121755
26/05/2016,743,751.507996,735,742.5,714.895996,103463
27/05/2016,745,749,737.5,746.5,718.747314,81730
31/05/2016,744.5,753.5,743,750,722.117004,238533
01/06/2016,745,748.028015,720,723.5,696.602295,159665
02/06/2016,717.5,735,716.5,735,707.674866,118036
03/06/2016,739,740,726.440002,735,707.674866,86372
06/06/2016,723.5,739.5,722.5,728,700.935059,150830
07/06/2016,725.5,737,722.5,731,703.823547,276552
08/06/2016,727.5,729.5,721.28302,727.5,700.453613,156353
09/06/2016,725,738,721,735,707.674866,64734
10/06/2016,735.5,738,720,725,698.046509,168133
13/06/2016,721,727,711.5,714.5,687.936951,148467
14/06/2016,714,722.5,709,711.5,685.048462,176277
15/06/2016,718.5,718.5,702,707.5,681.197266,282437
16/06/2016,702.5,709.5,693.5,694.5,668.680481,292821
17/06/2016,690,721,690,714.5,687.936951,264510
20/06/2016,716.5,753.5,716.5,743,715.37738,153462
21/06/2016,740.5,745,718,719.5,692.750977,120221
22/06/2016,712,745,712,736,708.637634,82191
23/06/2016,741.5,764.5,741.5,757.5,729.338257,127609
24/06/2016,727,733,663.562012,722,695.15802,452885
27/06/2016,722.5,727,662.5,670,645.091309,530854
28/06/2016,679.5,698.552002,673,677,651.831055,2951661
29/06/2016,689.5,709,684.5,694,668.199097,756885
30/06/2016,708.5,711,687.5,706,679.75293,276703
01/07/2016,705,713.5,694,707,680.715759,168390
04/07/2016,717.5,717.5,694.5,695,669.161865,206637
05/07/2016,699.5,700,674.5,679,653.756775,245409
06/07/2016,683,687.5,670.5,683,657.60791,677290
07/07/2016,700,761,700,705,678.790161,311979
08/07/2016,702,718.5,694.5,714.5,687.936951,204149
11/07/2016,713.5,748,709.5,738.5,711.044678,183648
12/07/2016,750.5,754,735,742.5,714.895996,189044
13/07/2016,763.5,778.5,752,753,725.005615,299258
14/07/2016,755.5,776,750,758,729.819702,296524
15/07/2016,763,763,740.580017,753.5,725.487,122744
18/07/2016,764,775,752.140991,770,741.373596,139828
19/07/2016,770.5,785.5,764.560974,778,749.076172,224829
20/07/2016,780.5,807.5,777.5,801.5,771.702454,281181
21/07/2016,799.5,812,786,807,776.997925,190666
22/07/2016,801.5,812,795.544983,806,776.035217,147565
25/07/2016,808.5,825,796,817.5,787.107666,175748
26/07/2016,820.5,830,806,809,778.923706,120711
27/07/2016,816.5,829,810,826,795.291748,374697
28/07/2016,822,837.5,819,836.5,805.401367,185563
29/07/2016,829,854,821.5,852,820.325073,157542
01/08/2016,848,851.5,834,848.5,816.955139,270837
02/08/2016,835,837,818.5,833,802.031372,219932
03/08/2016,826,848,821.820984,844.5,813.103882,364470
04/08/2016,850,857.5,835,850,818.399475,149082
05/08/2016,857,862,848,858.5,826.583435,194587
08/08/2016,860,870,855,870,837.655884,152471
09/08/2016,870,890.5,866.012024,890.5,857.393799,250663
10/08/2016,880,886.481018,865,874,841.507263,175033
11/08/2016,879.5,889,856.5,886,853.061035,184492
12/08/2016,880.5,894.5,864,889.5,856.430908,212060
15/08/2016,895,899,873.5,889.5,856.430908,135670
16/08/2016,884.5,892,873,875.5,842.951416,132457
17/08/2016,884,894.5,877,892,858.838013,136199
18/08/2016,890.5,900,886.5,896.5,863.170715,314949
19/08/2016,889.5,898,887,891.5,858.356506,160031
22/08/2016,897,897,884.5,888.5,855.46814,113166
23/08/2016,890,894,883,890,856.912354,218238
24/08/2016,887.5,899.5,875.5,893,859.80072,277193
25/08/2016,896,896,876,883.5,850.653931,98602
26/08/2016,890.5,895.5,878,892,858.838013,195517
30/08/2016,895,895,874,880,847.284058,132878
31/08/2016,878,890.5,871,887.5,854.505249,142551
01/09/2016,893.5,900,887,898,864.614807,296586
02/09/2016,900,900.5,888.5,896,862.68927,217263
05/09/2016,892.5,899,886,892,858.838013,90829
06/09/2016,891.5,900,886.950012,890,856.912354,119933
07/09/2016,889,899,878.5,891,857.875183,107811
08/09/2016,903.5,924,891.5,924,889.648315,167263
09/09/2016,950.5,979.5,938,946.5,911.311768,427206
12/09/2016,952,952,907,925,890.611145,351889
13/09/2016,921.5,925.437988,913,918.5,884.352783,230369
14/09/2016,915.5,925,900.989014,909,875.205994,392582
15/09/2016,896.5,913.5,891,913.5,879.538635,1085796
16/09/2016,914.5,922,897.5,921,886.759766,333086
19/09/2016,924,926.200012,909.200012,918,883.871338,172675
20/09/2016,913,938.5,913,938.5,903.609253,212717
21/09/2016,937,946.5,924.5,926.5,892.055298,391934
22/09/2016,930.5,943,924.5,941.5,906.497681,247589
23/09/2016,943.5,943.5,933,938.5,903.609253,207930
26/09/2016,930,944.119995,925,933,898.313721,110885
27/09/2016,936.5,939,925.5,935,900.23938,192883
28/09/2016,932.5,950,931.5,946,910.830383,65896
29/09/2016,947,947.5,939,946.5,911.311768,70209
30/09/2016,939,945,929,940.5,905.534851,182644
03/10/2016,938,952.5,926.5,950,914.681702,431224
04/10/2016,951,993.5,943.5,952,916.607361,2322815
05/10/2016,943.5,950.5,930.5,935.5,900.720825,175788
06/10/2016,945,945,925.5,931.5,896.869446,147018
07/10/2016,943,943,898.5,898.5,865.096313,322873
10/10/2016,892,934.5,884.5,887,854.023865,207145
11/10/2016,885,923,880.5,913,879.057251,159357
12/10/2016,910.5,913.5,892,895,861.726501,161201
13/10/2016,906.5,914,886,897.5,864.133484,294235
14/10/2016,905.5,909,890.379028,899,865.577759,137431
17/10/2016,890,903.549988,876.5,879,846.321228,156966
18/10/2016,888.5,904,882,898,864.614807,241368
19/10/2016,896.5,905.5,887,898,864.614807,160326
20/10/2016,887.5,901,885,901,875.301208,290032
21/10/2016,906,909,896,899.5,873.843933,156039
24/10/2016,900.5,904,884.5,885,859.757446,201941
25/10/2016,883.5,883.5,861,865.5,840.813599,219026
26/10/2016,863,873.080017,851,860,835.470642,335668
27/10/2016,859,875.299988,850.5,855,830.613159,181252
28/10/2016,849.5,877,844.840027,871,846.15686,207002
31/10/2016,860.5,872,855,870,845.185364,190756
01/11/2016,876,890.5,868.5,888,862.671875,215184
02/11/2016,857.5,869,829.150024,866,841.299438,513070
03/11/2016,871.5,878,866,868,843.242432,220561
04/11/2016,874.5,874.5,842,844,819.927002,195122
07/11/2016,862,863,847,857,832.556152,132092
08/11/2016,872,876,854.5,864,839.356445,221191
09/11/2016,845,877,841.5,867.5,842.756653,191786
10/11/2016,871,878,859.401978,870,845.185364,160388
11/11/2016,859.5,869.5,848.5,863,838.38501,162630
14/11/2016,870,874,861.5,865.5,840.813599,84088
15/11/2016,866.5,877,862.5,863,838.38501,252968
16/11/2016,848,865.5,840.5,848,823.812805,190828
17/11/2016,849.5,858,840,845.5,821.384277,165058
18/11/2016,863.5,864.5,840,862,837.413574,228693
21/11/2016,841.5,870,841.5,849,824.784363,97345
22/11/2016,855,860.5,838.5,838.5,814.583801,125542
23/11/2016,839,844,836.5,840,816.040955,243886
24/11/2016,835,849.659973,825.5,829,805.354736,76384
25/11/2016,835.5,835.5,819,824,800.497375,137762
28/11/2016,817,824.5,814.5,819.5,796.125732,75516
29/11/2016,821,831.5,812.5,825.5,801.954651,110915
30/11/2016,832,832,812,820,796.61145,267685
01/12/2016,824.5,828.5,810,824.5,800.983154,296036
02/12/2016,824.5,826.5,816.43103,821,797.582886,305259
05/12/2016,824.5,828,810.5,821.5,798.068726,239022
06/12/2016,838,838,821.5,825,801.468872,150573
07/12/2016,816.5,831,816.5,829,805.354736,167962
08/12/2016,820.5,826.5,810,818,794.668579,295664
09/12/2016,817.5,829.179993,812.5,821.5,798.068726,142980
12/12/2016,819.5,831.340027,810,814,790.782654,269455
13/12/2016,813.5,826.5,810.106018,823.5,800.011658,170196
14/12/2016,818.5,833.5,816.5,830.5,806.812012,303896
15/12/2016,828,852.5,823,848.5,824.298584,313869
16/12/2016,834,860.585999,832.078003,860.5,835.956299,318542
19/12/2016,859,863.5,857,862,837.413574,303868
20/12/2016,862.5,865,855.5,860,835.470642,263993
21/12/2016,859,868.5,857.211975,864.5,839.842285,174488
22/12/2016,872,878,865.192993,877.5,852.471436,120090
23/12/2016,877.5,879.5,870,876,851.014221,50460
28/12/2016,880.5,888.5,874,885,859.757446,187654
29/12/2016,886.5,893,882.5,888,862.671875,179486
30/12/2016,890.5,892,882.5,888,862.671875,46374
03/01/2017,897,898,876.5,880,854.900085,447552
04/01/2017,887.5,890.5,875.5,875.5,850.528503,164278
05/01/2017,887.5,887.5,879.120972,886,860.729004,242027
06/01/2017,891,894,877,890.5,865.100708,255134
09/01/2017,895.5,900.900024,885,891,865.586426,144920
10/01/2017,874,902.5,874,891.5,866.072083,477547
11/01/2017,894,897,884.5,890,864.614929,150319
12/01/2017,871.5,895,871.5,891,865.586426,215896
13/01/2017,891,894,887,894,868.500732,246739
16/01/2017,895,908,887.5,898,872.386658,137436
17/01/2017,893,904.5,882.5,902,876.272583,128273
18/01/2017,905,940,891.5,937.5,910.760071,474125
19/01/2017,921,947,921,934.5,907.845581,381037
20/01/2017,920,945,920,930.5,903.959717,189580
23/01/2017,920.5,946.5,920.5,933,906.388428,134771
24/01/2017,936.5,936.5,920.5,931.5,904.931213,225313
25/01/2017,937.5,937.5,924.5,934,907.359985,183020
26/01/2017,934.5,934.5,919.549988,929,902.502563,120875
27/01/2017,925.5,940,923.5,934.5,907.845581,144167
30/01/2017,922,937.5,922,930,903.473999,131587
31/01/2017,926,943,920.5,937,910.274353,200728
01/02/2017,944,948.5,937.5,943.5,916.588928,211518
02/02/2017,941,962,930,943,916.103271,332012
03/02/2017,947,953.5,931,953,925.817932,171667
06/02/2017,945,950.5,933,949.5,922.417786,101822
07/02/2017,950,955,945,950,922.903564,141455
08/02/2017,951.5,953.5,947.5,950,922.903564,163706
09/02/2017,949,950,938,946,919.017639,111478
10/02/2017,930,950.5,930,948.5,921.44635,145765
13/02/2017,943.5,945.5,934.780029,941.5,914.645996,208081
14/02/2017,937,940,925,932.5,905.90271,536145
15/02/2017,937,949.5,931,948,920.960571,219150
16/02/2017,958.5,958.5,940.5,944.5,917.560486,129820
17/02/2017,946.5,949,933.5,943,916.103271,109026
20/02/2017,943.5,960,933.960022,959,931.64679,151002
21/02/2017,962,962,950.5,953,925.817932,107445
22/02/2017,948.5,961,948.5,958,930.675354,224439
23/02/2017,961.5,975,959,966,938.447205,187914
24/02/2017,968,985,962.5,980.5,952.53363,202754
27/02/2017,987,988,977,983,954.96228,124465
28/02/2017,962,988.5,962,979.5,951.562134,285425
01/03/2017,980,990,976,989,960.791199,299210
02/03/2017,991.5,991.5,974,985.5,957.390991,133433
03/03/2017,987,991,974.5,989.5,961.276855,123615
06/03/2017,968,972.5,954,962,934.561279,295155
07/03/2017,950,956,942,949.5,922.417786,335776
08/03/2017,948,956,941.5,953.5,926.303772,240045
09/03/2017,953,966,944,965,937.475769,204680
10/03/2017,970,976,921,935.5,908.8172,525225
13/03/2017,930.5,936.47998,925,934,907.359985,308812
14/03/2017,955,955.25,939.5,942.5,915.617493,602866
15/03/2017,944.5,946.5,935,946.5,919.503357,248690
16/03/2017,952.5,952.5,941,946.5,919.503357,198553
17/03/2017,945,960,943,960,932.618347,446836
20/03/2017,953,964.5,951.5,963.5,936.018494,229467
21/03/2017,966.5,966.5,954.169983,955.5,928.246704,223286
22/03/2017,951,957.380005,926.5,929.5,902.988281,222210
23/03/2017,943.5,968.5,937,950.5,923.389282,669090
24/03/2017,949,955.5,941,947,919.989136,240231
27/03/2017,947.5,950,938,950,922.903564,199748
28/03/2017,944,953,939.5,948,920.960571,345866
29/03/2017,952,955.5,942.5,945.5,918.531921,267794
30/03/2017,942,949,939,947.5,920.474915,193258
31/03/2017,949.5,949.5,940,945,918.046082,223501
03/04/2017,946.5,948,935,940,913.188782,314481
04/04/2017,937.5,954.5,936.5,946.5,919.503357,205867
05/04/2017,954.5,959,946.5,958,930.675354,245327
06/04/2017,955,962,949.5,957.5,930.189575,187355
07/04/2017,950,968,950,956,928.732483,374516
10/04/2017,960,962,951,953,925.817932,215018
11/04/2017,958.5,958.5,949,957,929.703918,254627
12/04/2017,961.5,961.5,952.343018,960,932.618347,245326
13/04/2017,964,979.5,954,979.5,951.562134,301705
18/04/2017,969.5,983,968.5,980,952.047852,335440
19/04/2017,976.5,990,973,989,960.791199,291826
20/04/2017,983.5,992.5,983.5,992.5,964.191406,406120
21/04/2017,995,996.5,984.5,996,967.591431,283907
24/04/2017,1000,1000,977,977,949.133423,210451
25/04/2017,977,990.619995,972.5,972.5,944.76178,221312
26/04/2017,972.5,987,969.5,987,958.848206,372965
27/04/2017,976,987.5,974.5,987.5,963.237671,160291
28/04/2017,989.5,995.5,984,994.5,970.065674,255000
02/05/2017,990,1011,990,1010,985.184814,350866
03/05/2017,1010,1052.05603,1010,1040,1014.447754,546684
04/05/2017,1043,1058,1033,1058,1032.005493,291724
05/05/2017,1060,1060,1038,1039,1013.47229,176785
08/05/2017,1046,1052,1043,1046,1020.300415,160106
09/05/2017,1055,1056,1048,1050,1024.202148,200112
10/05/2017,1051,1057,1047,1050,1024.202148,122473
11/05/2017,1053,1056,1044,1056,1030.054688,165090
12/05/2017,1060,1060,1046.780029,1051,1025.177612,455764
15/05/2017,1057,1057,1043,1049,1023.226501,305275
16/05/2017,1051,1058,1047,1058,1032.005493,206087
17/05/2017,1050,1051,1021,1021,995.914612,515331
18/05/2017,1023,1025,1014,1018,992.988281,141830
19/05/2017,1011,1021,1011,1014,989.086609,81734
22/05/2017,1001,1010,994.5,1006,981.283203,182794
23/05/2017,1005,1020,998.5,1015,990.062073,188120
24/05/2017,1022,1022,1010,1020,994.939148,128046
25/05/2017,1020,1024,1014,1020,994.939148,116289
26/05/2017,1017,1041,1017,1041,1015.423279,326069
30/05/2017,1036,1039,1020,1030,1004.693542,187582
31/05/2017,1035,1035,1021,1029,1003.717957,193780
01/06/2017,1028,1038,1024.5,1026,1000.791748,181472
02/06/2017,1033,1033,1018,1018,992.988281,115086
05/06/2017,1024,1024,1007,1007,982.258606,86087
06/06/2017,1007,1018.75,993.710022,994.5,970.065674,148879
07/06/2017,991.5,1005,989,992,967.627136,79473
08/06/2017,985.5,1000,985.5,1000,975.430603,142226
09/06/2017,988,994.5,953.5,969,945.1922,338054
12/06/2017,967,973,956.5,965.5,941.778198,168382
13/06/2017,969,1002,960,994,969.578003,308878
14/06/2017,1004,1020,991.919983,1015,990.062073,192971
15/06/2017,1001,1018,990,1009,984.209412,340356
16/06/2017,1015,1025,1004.150024,1020,994.939148,439969
19/06/2017,1028,1025,1013,1016,991.037415,126735
20/06/2017,1008,1020,1009,1009,984.209412,2867
21/06/2017,1007,1009,999.099976,1002,977.381409,9583
22/06/2017,1004,1006.47998,997,997,972.504272,66878
23/06/2017,992.5,999.400024,989.5,995.5,971.041138,19219
26/06/2017,1005,1007,996.5,1001,976.406006,42990
27/06/2017,995.5,995.5,983.5,991.5,967.139343,108338
28/06/2017,987,998.5,986.5,988,963.725403,4429
29/06/2017,981,990.5,969.5,973,949.093994,14292
30/06/2017,965.5,983.5,965,975.5,951.532532,17189
03/07/2017,965.5,981.5,961,963,939.3396,1693897
04/07/2017,984.5,984.5,965.5,967.5,943.729004,357303
05/07/2017,963,966,953,958,934.462463,337006
06/07/2017,958,970.5,955,963.5,939.827332,907766
07/07/2017,959,979,959,974.5,950.557129,164328
10/07/2017,975.5,987.5,970,980,955.921936,149566
11/07/2017,980,980,980,980,955.921936,0
12/07/2017,996.5,1015,972.5,994,969.578003,1354765
13/07/2017,1005,1020.252991,999,1020,994.939148,387956
14/07/2017,1022,1022,1009.099976,1020,994.939148,121058
17/07/2017,1020,1022,1015,1017,992.012878,146676
18/07/2017,1017,1020,1010,1020,994.939148,147155
19/07/2017,1020,1024,1015.840027,1020,994.939148,371801
20/07/2017,1020,1026,1016,1021,995.914612,162383
21/07/2017,1025,1025,1014.099976,1020,994.939148,214764
24/07/2017,1022,1022,1002,1008,983.234009,186412
25/07/2017,1012,1014.580017,1000,1011,986.160278,102273
26/07/2017,1020,1024,1003,1024,998.840881,162188
27/07/2017,1016,1026,1012,1023,997.865417,158951
28/07/2017,1023,1023,1015,1020,994.939148,266042
31/07/2017,1019,1023,1014,1023,997.865417,228346
01/08/2017,1026,1029,1017,1022,996.890015,182574
02/08/2017,1025,1026,1018,1026,1000.791748,842744
03/08/2017,1028,1031.199951,1015,1020,994.939148,101061
04/08/2017,1020,1029,1017,1027,1001.767212,203408
07/08/2017,1029,1035.040039,1019,1022,996.890015,287203
08/08/2017,1023,1030,1017,1024,998.840881,1530974
09/08/2017,1022,1028,1017,1028,1002.742615,181245
10/08/2017,1028,1032,1020,1032,1006.644287,94831
11/08/2017,1032,1038,1019,1036,1010.546021,98200
14/08/2017,1039,1047,1029.5,1043,1017.374023,401103
15/08/2017,1047,1063,1035.5,1055,1029.079224,175163
16/08/2017,1057,1061,1049.550049,1052,1026.152832,96289
17/08/2017,1048,1058,1048,1052,1026.152832,94398
18/08/2017,1050,1059,1045.699951,1053,1027.128418,325254
21/08/2017,1046,1058.160034,1044.949951,1055,1029.079224,89461
22/08/2017,1059,1061,1053.75,1061,1034.931885,94361
23/08/2017,1064,1068,1052.550049,1059,1032.980957,182168
24/08/2017,1057,1070,1055,1061,1034.931885,65698
25/08/2017,1064,1081,1059,1066,1039.808838,85758
29/08/2017,1063,1066.5,1051,1054,1028.10376,103128
30/08/2017,1061,1068,1055.349976,1064,1037.858276,120927
31/08/2017,1063,1094,1063,1092,1065.170288,177853
01/09/2017,1078,1093,1060,1068,1041.759766,216251
04/09/2017,1064,1068,1050,1056,1030.054688,134446
05/09/2017,1054,1075,1054,1071,1044.686157,124438
06/09/2017,1067,1069.479004,1062,1067,1040.784424,167404
07/09/2017,1068,1075,1050,1052,1026.152832,418351
08/09/2017,1042,1053,992,992.5,968.114868,711868
11/09/2017,1004,1030,996.775024,1030,1004.693542,217033
12/09/2017,1033,1047,1008.463013,1045,1019.324951,215263
13/09/2017,1040,1044,1028,1036,1010.546021,142516
14/09/2017,1032,1047,1025,1044,1018.349548,184627
15/09/2017,1085,1189.119019,1085,1189,1159.786865,864385
18/09/2017,1190,1225,1177.359985,1218,1188.074463,399812
19/09/2017,1222,1235,1209,1222,1191.976074,215696
20/09/2017,1227,1241,1224,1238,1207.583008,318239
21/09/2017,1243,1243,1230,1230,1199.779663,146809
22/09/2017,1230,1265.199951,1227.300049,1259,1228.067139,148001
25/09/2017,1257,1291,1253.300049,1278,1246.60022,200188
26/09/2017,1277,1277,1254,1255,1224.165283,195234
27/09/2017,1254,1259,1243,1245,1214.411133,1074010
28/09/2017,1243,1274,1241,1259,1228.067139,469947
29/09/2017,1271,1271,1252,1255,1224.165283,122460
02/10/2017,1252,1267,1227,1238,1207.583008,283489
03/10/2017,1235,1245,1225,1233,1202.705933,131830
04/10/2017,1241,1296,1239,1277,1245.624756,491752
05/10/2017,1278,1285,1264,1283,1251.477539,217741
06/10/2017,1250,1263,1205,1252,1221.238892,238135
09/10/2017,1254,1259,1240,1251,1220.263672,290857
10/10/2017,1253,1271,1240,1265,1233.919678,190352
11/10/2017,1265,1271.5,1243.300049,1251,1220.263672,219012
12/10/2017,1247,1255,1244,1255,1224.165283,230102
13/10/2017,1260,1281,1253,1270,1238.796753,183493
16/10/2017,1259,1263.199951,1252.150024,1261,1230.017822,120976
17/10/2017,1248,1272.75,1246.25,1252,1221.238892,113740
18/10/2017,1250,1272,1239.699951,1268,1236.845947,126873
19/10/2017,1267,1267,1243,1245,1214.411133,82528
20/10/2017,1251,1251,1234,1241,1210.509277,112444
23/10/2017,1237,1274,1234.349976,1249,1218.312744,145296
24/10/2017,1243,1248,1221,1237,1206.607544,118046
25/10/2017,1229,1241.300049,1210,1234,1203.681274,134234
26/10/2017,1232,1255,1220.199951,1252,1229.208008,102597
27/10/2017,1255,1255,1225,1233,1210.553833,106764
30/10/2017,1246,1249,1227,1249,1226.262573,135293
31/10/2017,1250,1251,1237,1245,1222.335327,159696
01/11/2017,1255,1255,1234,1236,1213.499146,322804
02/11/2017,1247,1249,1219,1242,1219.390015,392956
03/11/2017,1238,1262,1238,1262,1239.026001,149416
06/11/2017,1265,1268,1254,1258,1235.098755,151650
07/11/2017,1267,1267,1244,1244,1221.353638,180564
08/11/2017,1255,1273,1244,1247,1224.29895,290310
09/11/2017,1254,1254.089966,1239,1239,1216.444702,195850
10/11/2017,1243,1247,1236,1243,1220.371704,106294
13/11/2017,1234,1250,1216,1228,1205.644897,116924
14/11/2017,1224,1245,1220,1220,1197.790527,162568
15/11/2017,1227,1227,1208,1208,1186.009033,114459
16/11/2017,1224,1237,1207.849976,1230,1207.608398,235287
17/11/2017,1223,1239,1219,1219,1196.808716,84654
20/11/2017,1231,1236,1215,1227,1204.663086,74541
21/11/2017,1234,1242,1230,1240,1217.426514,218882
22/11/2017,1240,1246,1221,1236,1213.499146,546173
23/11/2017,1255,1255,1223,1236,1213.499146,113005
24/11/2017,1262,1262,1219,1234,1211.535645,74621
27/11/2017,1246,1246,1230,1232,1209.572021,71340
28/11/2017,1242,1256,1225,1236,1213.499146,139395
29/11/2017,1261,1261,1235,1239,1216.444702,112930
30/11/2017,1266,1266,1217,1222,1199.75415,154702
01/12/2017,1225,1236,1215,1225,1202.699585,413631
04/12/2017,1248,1248,1227,1230,1207.608398,84872
05/12/2017,1257,1257,1207,1216,1193.863281,175422
06/12/2017,1221,1228,1204,1223,1200.735962,113172
07/12/2017,1235,1238,1192,1200,1178.154663,220930
08/12/2017,1205,1224,1205,1220,1197.790527,135873
11/12/2017,1202,1236,1202,1230,1207.608398,206673
12/12/2017,1230,1252,1224,1240,1217.426514,249904
13/12/2017,1244,1256,1241,1246.258057,1223.570557,260639
14/12/2017,1247,1261,1241,1250,1227.244385,364267
15/12/2017,1245,1259,1240,1250,1227.244385,245559
18/12/2017,1281,1281,1248,1257,1234.116821,111112
19/12/2017,1265,1290,1264,1275,1251.789307,195488
20/12/2017,1307,1307,1264,1270,1246.880249,106692
21/12/2017,1273,1275,1252,1256,1233.135132,66667
22/12/2017,1256,1265,1245,1245,1222.335327,30255
27/12/2017,1277,1277,1245,1271,1247.862061,53342
28/12/2017,1264,1271,1255,1256,1233.135132,52258
29/12/2017,1265,1265,1252,1257,1234.116821,29361
02/01/2018,1263,1267,1240,1244,1221.353638,105668
03/01/2018,1248,1248,1224,1235,1212.517456,195155
04/01/2018,1255,1269,1232,1266,1242.953125,241236
05/01/2018,1265,1281,1260,1276,1252.771118,120082
08/01/2018,1272,1286,1269,1274,1250.807373,137592
09/01/2018,1278,1286,1270,1271,1247.862061,126530
10/01/2018,1282,1282,1230,1241,1218.408081,98263
11/01/2018,1244,1246,1196,1210,1187.972656,152535
12/01/2018,1224,1234,1195,1230,1207.608398,192667
15/01/2018,1216,1252,1216,1245,1222.335327,152844
16/01/2018,1241,1264,1239,1264,1240.989624,184880
17/01/2018,1235,1281,1235,1278,1254.734619,215382
18/01/2018,1281,1284,1266,1275,1251.789307,333254
19/01/2018,1276,1292,1255,1279,1255.716553,157905
22/01/2018,1276,1286,1258,1260,1237.062256,116820
23/01/2018,1264,1276,1247,1270,1246.880249,209159
24/01/2018,1302,1341,1285,1299,1275.352295,452320
25/01/2018,1301,1323,1293,1301,1277.315918,211555
26/01/2018,1304,1325,1296,1315,1291.061157,206313
29/01/2018,1323,1323,1294,1296,1272.406982,173255
30/01/2018,1293,1297,1263,1268,1244.916504,169304
31/01/2018,1271,1278,1251,1259,1236.080566,158020
01/02/2018,1261,1263,1237,1239,1216.444702,136148
02/02/2018,1236,1240,1221,1227,1204.663086,144376
05/02/2018,1218,1226,1213,1217,1194.845215,154836
06/02/2018,1185,1203,1178,1181,1159.50061,167039
07/02/2018,1185,1207,1180,1198,1176.191162,128852
08/02/2018,1189,1199,1177,1180,1158.518677,157711
09/02/2018,1174,1189,1155,1171,1149.682495,173172
12/02/2018,1185,1197,1169,1185,1163.427612,170835
13/02/2018,1183,1207,1181,1188,1166.373047,160373
14/02/2018,1194,1198,1182,1195,1173.245728,103662
15/02/2018,1204,1204,1184,1190,1168.33667,111705
16/02/2018,1204,1224,1200,1204,1182.081787,176514
19/02/2018,1198,1217,1198,1201,1179.136353,91508
20/02/2018,1208,1218,1199,1207,1185.0271,100463
21/02/2018,1210,1232,1209,1226,1203.681274,141729
22/02/2018,1222,1222,1208,1213,1190.917969,137500
23/02/2018,1212,1239,1212,1236,1213.499146,119394
26/02/2018,1239,1262,1230,1260,1237.062256,205153
27/02/2018,1267,1268,1242,1263,1240.007568,137063
28/02/2018,1262,1280,1252,1268,1244.916504,334943
01/03/2018,1271,1277,1265,1273,1249.825684,201015
02/03/2018,1272,1298,1264,1272,1248.843872,433342
05/03/2018,1273,1288,1268,1279,1255.716553,115114
06/03/2018,1290,1296,1280,1282,1258.661743,98310
07/03/2018,1278,1287,1276,1285,1261.607178,107344
08/03/2018,1288,1298,1287,1290,1266.516235,128884
09/03/2018,1293,1308,1288,1307,1283.206665,82000
12/03/2018,1309,1330,1288,1325,1300.879028,309189
13/03/2018,1328,1334.5,1319,1321,1296.951904,180338
14/03/2018,1322,1330,1308,1310,1286.1521,143652
15/03/2018,1318,1318,1295,1295,1271.425049,247029
16/03/2018,1300,1341,1204,1214,1191.899658,738251
19/03/2018,1213,1214,1186,1190,1168.33667,272747
20/03/2018,1187,1194,1153,1160,1138.88269,423807
21/03/2018,1164,1170,1150,1163,1141.828247,217239
22/03/2018,1163,1168,1141,1141,1120.228638,217240
23/03/2018,1140,1163,1130,1137,1116.301392,198422
26/03/2018,1146,1152,1103,1103,1082.920532,236457
27/03/2018,1117,1149,1100,1149,1128.083008,455968
28/03/2018,1149,1170,1138,1166,1144.77356,252491
29/03/2018,1168,1168,1139,1139,1118.265137,320495
03/04/2018,1131,1150,1127,1134,1113.356079,360178
04/04/2018,1134,1144,1121,1135,1114.337769,133847
05/04/2018,1136,1157,1112,1140,1119.246826,216345
06/04/2018,1148,1155,1125,1145,1124.155762,133415
09/04/2018,1154,1159,1132,1136,1115.319824,119656
10/04/2018,1145,1145,1103,1115,1094.702026,275457
11/04/2018,1125,1132,1108,1119,1098.629272,111464
12/04/2018,1126,1148,1111,1145,1124.155762,221340
13/04/2018,1146,1164,1123,1152,1131.028442,197229
16/04/2018,1161,1170,1134,1162,1140.846191,126444
17/04/2018,1173,1174,1150,1170,1148.700684,151065
18/04/2018,1175,1175,1157,1167,1145.755371,150200
19/04/2018,1172,1189,1153,1184,1162.445923,135371
20/04/2018,1185,1185,1160,1166,1144.77356,101457
23/04/2018,1167,1192,1157,1188,1166.373047,155188
24/04/2018,1188,1193,1162,1171,1149.682495,261096
25/04/2018,1178,1180,1129,1136,1115.319824,140636
26/04/2018,1139,1146,1126,1137,1116.301392,102948
27/04/2018,1150,1150,1133,1140,1119.246826,158932
30/04/2018,1150,1174,1134,1164,1142.809937,167292
01/05/2018,1168,1193,1158,1179,1157.536865,100982
02/05/2018,1179,1179,1137,1149,1128.083008,173870
03/05/2018,1127,1144,1127,1143,1126.112549,89134
04/05/2018,1144,1167,1130,1160,1142.861328,171389
08/05/2018,1154,1183,1144,1182,1164.536377,289219
09/05/2018,1179,1199,1149,1177,1159.610229,280656
10/05/2018,1188,1189,1156,1163,1145.817139,93457
11/05/2018,1163,1175,1148,1155,1137.935303,118525
14/05/2018,1180,1218,1162,1200,1182.270386,817335
15/05/2018,1200,1203,1182,1197,1179.314819,151615
16/05/2018,1206,1208,1185,1189,1171.432983,144037
17/05/2018,1187,1217,1175,1206,1188.181763,146237
18/05/2018,1205,1225,1183,1221,1202.960083,194358
21/05/2018,1223,1244,1213,1222,1203.945435,121594
22/05/2018,1222,1233,1213,1227,1208.87146,123350
23/05/2018,1230,1237,1214,1231,1212.812378,166299
24/05/2018,1231,1254,1229,1232,1213.797607,218554
25/05/2018,1260,1260,1220,1244,1225.620361,146390
29/05/2018,1235,1236,1188,1194,1176.359009,222144
30/05/2018,1203,1219,1186,1215,1197.048828,148411
31/05/2018,1220,1237,1214,1220,1201.974854,354361
01/06/2018,1226,1237,1211,1233,1214.782715,95483
04/06/2018,1223,1237,1209,1232,1213.797607,121123
05/06/2018,1225,1252,1225,1246,1227.59082,108101
06/06/2018,1243,1257,1238,1250,1231.531738,331825
07/06/2018,1250,1260,1242,1249,1230.546509,148078
08/06/2018,1248,1256,1234,1250,1231.531738,85083
11/06/2018,1258,1261,1249,1256,1237.443115,122997
12/06/2018,1257,1274,1247,1270,1251.236206,164036
13/06/2018,1268,1268,1254,1260,1241.383911,189504
14/06/2018,1252,1262,1238,1255,1236.457886,176688
15/06/2018,1259,1259,1224,1224,1205.915894,356357
18/06/2018,1223,1259,1221,1254,1235.472534,170813
19/06/2018,1261,1261,1229,1252,1233.502197,116058
20/06/2018,1246,1277,1246,1251,1232.516846,210758
21/06/2018,1252,1253,1230,1242,1223.649902,197290
22/06/2018,1229,1263,1229,1263,1244.3396,200895
25/06/2018,1255,1267,1244,1259,1240.398682,129114
26/06/2018,1238,1268,1238,1260,1241.383911,145133
27/06/2018,1267,1267,1249,1252,1233.502197,162937
28/06/2018,1250,1262,1247,1255,1236.457886,142482
29/06/2018,1271,1271,1253,1260,1241.383911,176850
02/07/2018,1261,1266,1229,1231,1212.812378,188111
03/07/2018,1230,1242,1226,1232,1213.797607,104912
04/07/2018,1222,1238,1222,1237,1218.723755,86623
05/07/2018,1236,1242,1229,1238,1219.708984,85497
06/07/2018,1243,1281,1226,1262,1243.35437,283392
09/07/2018,1271,1271,1238,1238,1219.708984,114301
10/07/2018,1238,1251,1237,1244,1225.620361,131498
11/07/2018,1238,1326,1238,1287,1267.984985,857819
12/07/2018,1295,1307,1277,1298,1278.82251,184454
13/07/2018,1299,1306,1288,1290,1270.940674,147613
16/07/2018,1295,1295,1269,1277.577026,1258.701294,230898
17/07/2018,1275,1275,1252,1259,1240.398682,130344
18/07/2018,1253,1260,1233,1238,1219.708984,199308
19/07/2018,1235,1263,1230,1251,1232.516846,167380
20/07/2018,1248,1261,1239,1256,1237.443115,121457
23/07/2018,1263,1263,1227,1248,1229.561157,119084
24/07/2018,1245,1252,1214,1231,1212.812378,187736
25/07/2018,1235,1241,1219,1221,1202.960083,556426
26/07/2018,1217,1226,1214,1225,1206.901001,133610
27/07/2018,1201,1222,1201,1219,1200.989624,71218
30/07/2018,1213,1231,1210,1221,1202.960083,82384
31/07/2018,1212,1234,1212,1219,1200.989624,86783
01/08/2018,1206,1222,1202,1215,1197.048828,80287
02/08/2018,1208,1219,1201,1215,1197.048828,190457
03/08/2018,1216,1231,1211,1231,1212.812378,124663
06/08/2018,1222,1244,1208,1215,1197.048828,161423
07/08/2018,1200,1221,1200,1215,1197.048828,98445
08/08/2018,1242,1242,1217,1241,1222.664551,126458
09/08/2018,1239,1245,1231,1237,1218.723755,98879
10/08/2018,1239,1270,1235,1261,1242.369141,117407
13/08/2018,1232,1255,1232,1241,1222.664551,96989
14/08/2018,1243,1255,1231,1232,1213.797607,83757
15/08/2018,1235,1235,1213,1220,1201.974854,84518
16/08/2018,1223,1238,1219,1238,1219.708984,93605
17/08/2018,1232,1240,1220,1225,1206.901001,106172
20/08/2018,1228,1247,1223,1243,1224.635132,79094
21/08/2018,1237,1254,1228,1231,1212.812378,149217
22/08/2018,1220,1237,1217,1220,1201.974854,108002
23/08/2018,1252,1252,1213,1215,1197.048828,336004
24/08/2018,1213,1227,1209,1223,1204.930542,111726
28/08/2018,1220,1238,1219,1232,1213.797607,120716
29/08/2018,1200,1238,1200,1218,1200.004517,63473
30/08/2018,1212,1236,1193,1228,1209.856689,96967
31/08/2018,1226,1253,1221,1245,1226.605469,123224
03/09/2018,1215,1215,1177,1192,1174.38855,401337
04/09/2018,1189,1201,1175,1200,1182.270386,265314
05/09/2018,1190,1213,1190,1212,1194.09314,152773
06/09/2018,1210,1220,1191,1203,1185.226196,259945
07/09/2018,1203,1246,1203,1243,1224.635132,267361
10/09/2018,1214,1267,1213,1260,1241.383911,242259
11/09/2018,1290,1299,1271,1279,1260.103149,556428
12/09/2018,1307,1307,1275,1279,1260.103149,423829
13/09/2018,1306,1306,1263,1280,1261.088379,206476
14/09/2018,1303,1303,1244,1263,1244.3396,314229
17/09/2018,1261,1297,1250,1295,1275.866821,270681
18/09/2018,1295,1306,1284,1298,1278.82251,279725
19/09/2018,1304,1339,1294,1332,1312.32019,257914
20/09/2018,1336,1336,1317,1329,1309.364502,178503
21/09/2018,1336,1339,1325,1325,1305.423462,589384
24/09/2018,1326,1328,1317,1317,1297.541748,107792
25/09/2018,1301,1312,1284,1305,1285.719116,200008
26/09/2018,1294,1304,1281,1291,1271.925903,194836
27/09/2018,1293,1323,1286,1294,1274.88147,152755
28/09/2018,1293,1315,1287,1306,1286.704224,252143
01/10/2018,1315,1321,1234,1297,1277.83728,276784
02/10/2018,1291,1307,1260,1291,1271.925903,220817
03/10/2018,1285,1302,1275,1292,1272.911133,301473
04/10/2018,1289,1290,1268,1279,1260.103149,516881
05/10/2018,1272,1278,1260,1266,1247.295166,216500
08/10/2018,1274,1278,1246,1258,1239.413574,325187
09/10/2018,1260,1262,1246,1255,1236.457886,228173
10/10/2018,1263,1264,1242,1252,1233.502197,262923
11/10/2018,1251,1274,1219,1227,1208.87146,273308
12/10/2018,1236,1241,1213,1218,1200.004517,145583
15/10/2018,1212,1224,1185,1222,1203.945435,222063
16/10/2018,1231,1251,1215,1249,1230.546509,218004
17/10/2018,1250,1266,1246,1251,1232.516846,200031
18/10/2018,1255,1259,1240,1245,1226.605469,187653
19/10/2018,1242,1242,1216,1219,1200.989624,120299
22/10/2018,1244,1244,1198,1219,1200.989624,179117
23/10/2018,1208,1221,1199,1202,1184.240845,256626
24/10/2018,1215,1230,1204,1217,1199.019165,163072
25/10/2018,1198,1241,1180,1222,1211.911865,168748
26/10/2018,1215,1230,1195,1230,1219.845947,166623
29/10/2018,1227,1245,1186,1229,1218.854126,163860
30/10/2018,1229,1238,1212,1215,1204.969727,149077
31/10/2018,1223,1242,1212,1235,1224.804688,905438
01/11/2018,1228,1276,1224,1266,1255.548706,300984
02/11/2018,1276,1298,1257,1294,1283.317627,224254
05/11/2018,1285,1325,1256,1290,1279.350586,433569
06/11/2018,1302,1338,1287,1311,1300.177124,440444
07/11/2018,1250,1260,1122,1138,1128.605347,1480122
08/11/2018,1125,1211,1108,1187,1177.200928,548268
09/11/2018,1180,1237,1161,1217,1206.953247,456352
12/11/2018,1217,1238,1192,1210,1200.010986,368718
13/11/2018,1209,1233,1199,1216,1205.961426,215489
14/11/2018,1212,1228,1176,1176,1166.291748,338699
15/11/2018,1177,1199,1158,1174,1164.308105,281971
16/11/2018,1167,1183,1155,1162,1152.407227,169109
19/11/2018,1152,1169,1140,1149,1139.514526,201324
20/11/2018,1113,1141,1099,1123,1113.729248,330383
21/11/2018,1116,1166,1115,1164,1154.390747,318353
22/11/2018,1171,1176,1149,1164,1154.390747,132084
23/11/2018,1160,1173,1148,1157,1147.448486,138256
26/11/2018,1162,1179,1144,1158,1148.440308,619393
27/11/2018,1149,1197,1149,1170,1160.341187,187961
28/11/2018,1164,1169,1136,1151,1141.498047,247029
29/11/2018,1159,1176,1141,1141,1131.580688,217518
30/11/2018,1137,1154,1130,1143,1133.564087,253234
03/12/2018,1165,1167,1140,1149,1139.514526,338141
04/12/2018,1126,1172,1122,1122,1112.737549,395806
05/12/2018,1130,1158,1119,1139,1129.597046,216086
06/12/2018,1129,1137,1103,1109,1099.844727,227754
07/12/2018,1113,1135,1107,1112,1102.820068,189804
10/12/2018,1098,1101,1081,1085,1076.042847,211016
11/12/2018,1085,1106,1082,1096,1086.952026,176509
12/12/2018,1076,1110,1076,1098,1088.935669,150377
13/12/2018,1092,1106,1085,1091,1081.993286,152590
14/12/2018,1085,1094,1076,1090,1081.001587,73829
17/12/2018,1097,1112,1071,1074,1065.133667,102501
18/12/2018,1066,1094,1051,1081,1072.075928,218972
19/12/2018,1079,1091,1068,1081,1072.075928,269469
20/12/2018,1061,1098,1061,1091,1081.993286,190452
21/12/2018,1082,1093,1069,1069,1060.175049,203811
24/12/2018,1074,1086,1065,1079,1070.092407,677394
27/12/2018,1070,1083,1052,1066,1057.199707,74148
28/12/2018,1068,1092,1068,1089,1080.009888,61154
31/12/2018,1096,1115,1071,1113,1103.811768,32110
02/01/2019,1102,1118,1092,1111,1101.828369,105531
03/01/2019,1119,1132,1096,1107,1097.861328,134744
04/01/2019,1134,1134,1104,1117,1107.778809,248784
07/01/2019,1131,1137,1114,1126,1116.704468,160185
08/01/2019,1129,1167,1118,1155,1145.464966,345990
09/01/2019,1164,1189,1142,1179,1169.266846,190599
10/01/2019,1182,1191,1170,1177,1167.283447,339624
11/01/2019,1200,1200,1167,1184,1174.225586,141622
14/01/2019,1163,1200,1163,1194,1184.143066,187200
15/01/2019,1200,1201,1190,1198,1188.109985,198193
16/01/2019,1190,1199,1174,1178,1168.275146,255485
17/01/2019,1182,1198,1172,1190,1180.176147,138041
18/01/2019,1171,1216,1171,1203,1193.068726,178379
21/01/2019,1198,1210,1190,1202,1192.077026,106771
22/01/2019,1199,1215,1190,1196,1186.126587,299081
23/01/2019,1192,1244,1160,1193,1183.151367,438080
24/01/2019,1200,1200,1186,1191,1181.167847,145952
25/01/2019,1190,1205,1185,1191,1181.167847,296212
28/01/2019,1188,1199,1180,1187,1177.200928,87219
29/01/2019,1185,1221,1182,1205,1195.052368,221202
30/01/2019,1206,1231,1183,1221,1210.920166,273565
31/01/2019,1217,1239,1209,1214,1203.977905,137281
01/02/2019,1220,1238,1214,1233,1222.821045,201204
04/02/2019,1227,1238,1222,1230,1219.845947,106555
05/02/2019,1221,1235,1205,1232,1221.829346,159955
06/02/2019,1226,1253,1226,1252,1241.664307,158775
07/02/2019,1237,1258,1231,1239,1228.771484,140185
08/02/2019,1219,1249,1219,1249,1238.689087,108363
11/02/2019,1236,1251,1235,1250,1239.680786,78701
12/02/2019,1248,1256,1238,1251,1240.672485,103422
13/02/2019,1248,1266,1245,1265,1254.557007,159966
14/02/2019,1254,1274,1251,1256,1245.631226,91896
15/02/2019,1260,1269,1254,1267,1256.540405,84194
18/02/2019,1257,1286,1252,1277,1266.457886,153472
19/02/2019,1268,1286,1265,1284,1273.400146,147424
20/02/2019,1276,1290,1271,1281,1270.424805,136410
21/02/2019,1265,1297,1264,1291,1280.342285,96066
22/02/2019,1287,1310,1287,1309,1298.193726,66050
25/02/2019,1301,1301,1259,1299,1288.276245,139397
26/02/2019,1291,1314,1289,1309,1298.193726,97343
27/02/2019,1300,1311,1295,1311,1300.177124,146808
28/02/2019,1311,1314,1296,1312,1301.168945,106951
01/03/2019,1316,1328,1307,1328,1317.036865,100677
04/03/2019,1330,1337,1313,1317,1306.127686,108286
05/03/2019,1318,1331,1300,1324,1313.069946,377295
06/03/2019,1341,1341,1295,1299,1288.276245,217364
07/03/2019,1292,1306,1254,1273,1262.490845,173409
08/03/2019,1251,1281,1251,1279,1268.441406,110933
11/03/2019,1275,1283,1263,1269,1258.523926,106827
12/03/2019,1273,1294,1259,1276,1265.466187,297085
13/03/2019,1292,1300,1274,1300,1289.268066,252994
14/03/2019,1284,1311,1284,1292,1281.333984,1013216
15/03/2019,1291,1346,1220,1328,1317.036865,408857
18/03/2019,1321,1339,1288,1315,1304.144165,170097
19/03/2019,1318,1373,1307,1366,1354.723145,261173
20/03/2019,1380,1380,1328,1337,1325.962524,223753
21/03/2019,1337,1341,1317,1328,1317.036865,117964
22/03/2019,1334,1372,1316,1320,1309.102905,179474
25/03/2019,1320,1320,1252,1293,1282.325684,258286
26/03/2019,1287,1310,1284,1305,1294.226685,214551
27/03/2019,1310,1322,1299,1300,1289.268066,190114
28/03/2019,1295,1315,1295,1302,1291.251465,96926
29/03/2019,1314,1316,1290,1310,1299.185425,160830
01/04/2019,1300,1317,1295,1310,1299.185425,119297
02/04/2019,1313,1321,1299,1319,1308.111206,221027
03/04/2019,1309,1355,1309,1354,1342.822266,249045
04/04/2019,1346,1362,1346,1353,1341.830566,137494
05/04/2019,1353,1373,1337,1337,1325.962524,110472
08/04/2019,1345,1345,1320,1326,1315.053345,132375
09/04/2019,1325,1329,1301,1310,1299.185425,127307
10/04/2019,1310,1319,1305,1308,1297.201904,174062
11/04/2019,1328,1328,1302,1327,1316.045044,136470
12/04/2019,1331,1343,1317,1336,1324.970825,79367
15/04/2019,1345,1345,1319,1326,1315.053345,262677
16/04/2019,1296,1341,1296,1323,1312.078247,83275
17/04/2019,1325,1344,1315,1320,1309.102905,116833
18/04/2019,1302,1331,1302,1328,1317.036865,107937
23/04/2019,1339,1352,1326,1352,1340.838623,114037
24/04/2019,1366,1375,1348,1359,1347.781006,126238
25/04/2019,1362,1367,1350,1350,1338.855225,50286
26/04/2019,1374,1374,1352,1372,1360.673584,96175
29/04/2019,1375,1379,1360,1375,1363.648804,84765
30/04/2019,1384,1384,1353,1368,1356.706665,161054
01/05/2019,1384,1384,1355,1375,1363.648804,77429
02/05/2019,1367,1370,1334,1334,1326.847168,85641
03/05/2019,1339,1355,1337,1341,1333.809692,78538
07/05/2019,1375,1375,1345,1345,1337.788208,138342
08/05/2019,1338,1340,1264,1286,1279.104614,220474
09/05/2019,1305,1309,1288,1299,1292.034912,102848
10/05/2019,1302,1318,1296,1305,1298.002686,107840
13/05/2019,1285,1310,1278,1290,1283.08313,159822
14/05/2019,1308,1359,1308,1336,1328.836426,184895
15/05/2019,1350,1350,1324,1324,1316.900879,102911
16/05/2019,1326,1335,1310,1317,1309.938354,52962
17/05/2019,1323,1329,1306,1321,1313.91687,52072
20/05/2019,1311,1320,1299,1309,1301.981201,175531
21/05/2019,1328,1337,1310,1327,1319.884766,84263
22/05/2019,1337,1337,1314,1314,1306.954468,68349
23/05/2019,1303,1330,1295,1322,1314.911499,120010
24/05/2019,1328,1330,1314,1329,1321.874023,56505
28/05/2019,1341,1341,1316,1326,1318.890137,161843
29/05/2019,1342,1342,1307,1325,1317.895508,69039
30/05/2019,1300,1342,1300,1332,1324.85791,132432
31/05/2019,1340,1342,1317,1331,1323.863281,143128
03/06/2019,1343,1343,1310,1310,1302.975952,72977
04/06/2019,1292,1345,1292,1345,1337.788208,887696
05/06/2019,1346,1375,1333,1357,1349.723877,95119
06/06/2019,1363,1383,1356,1375,1367.627319,72094
07/06/2019,1385,1387,1372,1384,1376.579102,82705
10/06/2019,1391,1396,1366,1384,1376.579102,107709
11/06/2019,1404,1404,1373,1384,1376.579102,61348
12/06/2019,1404,1404,1376,1400,1392.493286,79067
13/06/2019,1405,1406,1394,1400,1392.493286,157948
14/06/2019,1390,1406,1390,1399,1391.498657,72465
17/06/2019,1399,1409,1397,1405,1397.466553,115704
18/06/2019,1407,1434,1399,1428,1420.34314,377753
19/06/2019,1435,1440,1412,1430,1422.33252,115741
20/06/2019,1440,1444,1422,1442,1434.268066,130204
21/06/2019,1430,1445,1429,1445,1437.252075,533955
24/06/2019,1450,1450,1429,1432,1424.321777,168652
25/06/2019,1441,1441,1408,1408,1400.450439,102522
26/06/2019,1406,1414,1401,1410,1402.439697,86880
27/06/2019,1420,1428,1400,1427,1419.348511,96733
28/06/2019,1425,1441,1418,1428,1420.34314,175885
01/07/2019,1449,1463,1429,1450,1442.22522,124563
02/07/2019,1450,1459,1444,1450,1442.22522,78560
03/07/2019,1465,1465,1443,1451,1443.219849,112298
04/07/2019,1459,1459,1432,1441,1433.273438,88388
05/07/2019,1464,1464,1433,1439,1431.28418,47319
08/07/2019,1425,1439,1413,1419,1411.391479,102005
09/07/2019,1404,1422,1392,1408,1400.450439,128801
10/07/2019,1416,1466,1416,1444,1436.257446,114674
11/07/2019,1460,1460,1448,1453,1445.209106,81772
12/07/2019,1476,1476,1446,1460,1452.171631,91247
15/07/2019,1470,1481,1460,1474,1466.096558,84395
16/07/2019,1487,1487,1463,1480,1472.064331,73302
17/07/2019,1490,1490,1464,1465,1457.144775,129755
18/07/2019,1469,1527,1469,1527,1518.812378,541443
19/07/2019,1529,1576,1527,1571,1562.576416,351013
22/07/2019,1566,1583,1561,1577,1568.544312,128541
23/07/2019,1575,1592,1568,1581,1572.522827,249427
24/07/2019,1586,1586,1563,1565,1556.608643,277212
25/07/2019,1585,1585,1547,1548,1539.699707,183035
26/07/2019,1548,1550,1534,1540,1531.742676,131312
29/07/2019,1544,1551.599976,1531,1548,1539.699707,275974
30/07/2019,1561,1561,1536,1545,1536.71582,62001
31/07/2019,1525,1546,1525,1531,1522.790894,94691
01/08/2019,1522,1553,1520,1526,1517.817749,80794
02/08/2019,1519,1524.300049,1497,1501,1492.951782,92164
05/08/2019,1483,1493,1467,1471,1463.112671,77166
06/08/2019,1476,1486,1464,1468,1460.128662,85943
07/08/2019,1495,1496,1470,1485,1477.037598,60611
08/08/2019,1514,1514,1485,1498,1489.967896,65004
09/08/2019,1513,1513,1487,1501,1492.951782,33706
12/08/2019,1516,1516,1485,1487,1479.026855,132428
13/08/2019,1505,1507,1480,1500,1491.957153,85719
14/08/2019,1512,1512,1458,1465,1457.144775,83999
15/08/2019,1482,1483,1452,1466,1458.139404,52082
16/08/2019,1451,1471,1451,1471,1463.112671,60668
19/08/2019,1446,1594.025024,1446,1582,1573.517456,311623
20/08/2019,1580,1580,1530,1545,1536.71582,125899
21/08/2019,1520,1575,1520,1567,1558.5979,48399
22/08/2019,1560,1594,1559.800049,1588,1579.485229,74869
23/08/2019,1598,1632,1574,1615,1606.340454,123149
27/08/2019,1630,1630,1573,1580,1571.528198,142578
28/08/2019,1558,1589.300049,1558,1584,1575.506714,75490
29/08/2019,1558,1584,1558,1579,1570.533569,66996
30/08/2019,1611,1611,1570,1579,1570.533569,97393
02/09/2019,1545,1589.01001,1545,1579,1570.533569,78714
03/09/2019,1580,1601,1571,1579,1570.533569,89187
04/09/2019,1602,1625,1584,1624,1615.292236,110843
05/09/2019,1630,1645.199951,1603,1603,1594.404907,114270
06/09/2019,1603,1612,1574,1574,1565.560303,221104
09/09/2019,1618,1618,1554,1561,1552.630005,139688
10/09/2019,1593,1593,1532,1540,1531.742676,81531
11/09/2019,1563,1566,1538,1555,1546.662231,164183
12/09/2019,1540,1570,1540,1550,1541.689087,237171
13/09/2019,1544,1562,1523,1550,1541.689087,113762
16/09/2019,1513,1558.697998,1481,1486,1478.032227,124338
17/09/2019,1500,1512,1455,1508,1499.914185,426388
18/09/2019,1525,1550,1510,1542,1533.731934,223821
19/09/2019,1549,1552,1523,1539,1530.748047,183821
20/09/2019,1573,1573,1524,1533,1524.780151,757962
23/09/2019,1570,1571,1530,1541,1532.737305,156421
24/09/2019,1547,1558.75,1532,1542,1533.731934,58968
25/09/2019,1543,1543,1511,1533,1524.780151,55122
26/09/2019,1501,1543,1501,1530,1521.796265,62504
27/09/2019,1561,1561,1527,1548,1539.699707,47529
30/09/2019,1530,1556,1530,1550,1541.689087,78444
01/10/2019,1540,1561,1530.416992,1549,1540.694336,154785
02/10/2019,1534,1550,1521,1533,1524.780151,118062
03/10/2019,1521,1544,1516,1543,1534.726563,69562
04/10/2019,1568,1568,1518.5,1531,1522.790894,194818
07/10/2019,1560,1566,1520,1525,1516.82312,156144
08/10/2019,1534,1534,1508,1519,1510.855225,59676
09/10/2019,1535,1535,1493,1500,1491.957153,64816
10/10/2019,1496,1522,1474,1474,1466.096558,68331
11/10/2019,1466,1568,1466,1563,1554.619385,156113
14/10/2019,1575,1575,1469,1508,1499.914185,92224
15/10/2019,1523,1548.300049,1521,1540,1531.742676,134018
16/10/2019,1510,1544,1507,1542,1533.731934,95891
17/10/2019,1540,1580,1529,1547,1538.705078,97946
18/10/2019,1535,1553,1518,1520,1511.849854,97284
21/10/2019,1515,1534,1502,1524,1515.828491,101865
22/10/2019,1549,1549,1506,1506,1497.924927,93397
23/10/2019,1509,1537.5,1488,1492,1484,146025
24/10/2019,1528,1528,1474,1487,1487,83104
25/10/2019,1454,1479,1454,1474,1474,117574
28/10/2019,1481,1506,1460.630005,1476,1476,55419
29/10/2019,1450,1487,1450,1470,1470,51794
30/10/2019,1505,1505,1457,1469,1469,128960
31/10/2019,1501,1501,1458,1463,1463,71941
01/11/2019,1450,1475,1450,1470,1470,67429
04/11/2019,1499,1499,1451,1452,1452,68166
05/11/2019,1488,1488,1445,1469,1469,80910
06/11/2019,1490,1490,1451,1466,1466,47652
07/11/2019,1469,1490,1457,1481,1481,64712
08/11/2019,1490,1496,1465,1487,1487,39173
11/11/2019,1451,1513,1448,1509,1509,77238
12/11/2019,1499,1527,1488,1525,1525,96862
13/11/2019,1501,1577,1500,1566,1566,164232
14/11/2019,1543,1579,1543,1551,1551,83639
15/11/2019,1560,1575.579956,1536,1564,1564,117931
18/11/2019,1529,1587,1529,1569,1569,64186
19/11/2019,1573,1590.843018,1551,1557,1557,51992
20/11/2019,1526,1555,1526,1550,1550,62119
21/11/2019,1526,1549,1505,1508,1508,98094
22/11/2019,1492,1518,1492,1515,1515,104792
25/11/2019,1520,1551,1496,1545,1545,106117
26/11/2019,1541,1574,1527,1572,1572,77327
27/11/2019,1575,1596,1543.400024,1585,1585,117316
28/11/2019,1600,1600,1576,1594,1594,99008
29/11/2019,1598,1614,1573,1601,1601,70612
02/12/2019,1594,1605,1568,1569,1569,131211
03/12/2019,1563,1571,1528,1530,1530,54355
04/12/2019,1502,1543,1499,1522,1522,74685
05/12/2019,1513,1531,1511,1514,1514,88701
06/12/2019,1551,1551,1511,1513,1513,151474
09/12/2019,1508,1528.800049,1470,1508,1508,173368
10/12/2019,1523,1523,1494,1500,1500,194175
11/12/2019,1488,1503.400024,1481,1488,1488,115469
12/12/2019,1523,1523,1471,1482,1482,90177
13/12/2019,1510,1662,1497.103027,1616,1616,297781
16/12/2019,1651,1662,1598.305054,1653,1653,188742
17/12/2019,1687,1734,1644,1734,1734,372889
18/12/2019,1728,1728.089966,1693.920044,1725,1725,139398
19/12/2019,1677,1698.359985,1625,1635,1635,250230
20/12/2019,1640,1649.300049,1616,1643,1643,180811
23/12/2019,1643,1672,1639.920044,1668,1668,74182
24/12/2019,1677,1683,1658,1680,1680,31688
27/12/2019,1669,1694,1645.400024,1694,1694,50596
30/12/2019,1693,1695.089966,1667,1674,1674,23716
31/12/2019,1657,1680.089966,1657,1663,1663,14006
02/01/2020,1680,1682.089966,1661.920044,1678,1678,64021
03/01/2020,1680,1687.089966,1652,1676,1676,72681
06/01/2020,1671,1677.089966,1640,1644,1644,69008
07/01/2020,1626,1654,1605,1626,1626,61285
08/01/2020,1593,1632.079956,1593,1625,1625,46168
09/01/2020,1632,1632.400024,1601.920044,1622,1622,39663
10/01/2020,1648,1648,1603.920044,1605,1605,44863
13/01/2020,1610,1647.079956,1597.920044,1600,1600,54500
14/01/2020,1632,1639.079956,1588,1599,1599,71948
15/01/2020,1606,1627.079956,1576.920044,1600,1600,71962
16/01/2020,1599,1618.079956,1580,1600,1600,119058
17/01/2020,1616,1627,1595,1623,1623,46761
20/01/2020,1611,1625,1600,1611,1611,41237
21/01/2020,1601,1627.079956,1591,1595,1595,46396
22/01/2020,1565,1608.079956,1559,1563,1563,136243
23/01/2020,1570,1570.079956,1552.920044,1569,1569,47654
24/01/2020,1575,1577,1555,1572,1572,118704
27/01/2020,1565,1569,1539,1545,1545,49888
28/01/2020,1583,1583,1535,1548,1548,65644
29/01/2020,1559,1587,1528,1538,1538,66755
30/01/2020,1570,1573,1526,1546,1546,96290
31/01/2020,1570,1570,1537,1551,1551,60920
03/02/2020,1590,1590,1536,1555,1555,146343
04/02/2020,1575,1588,1544,1556,1556,46373
05/02/2020,1555,1566,1545,1558,1558,127962
06/02/2020,1590,1590,1541,1546,1546,41536
07/02/2020,1526,1576,1524.637939,1531,1531,86536
10/02/2020,1526,1541,1520,1520,1520,48066
11/02/2020,1530,1537,1518,1533,1533,216859
12/02/2020,1559,1576,1524.640015,1557,1557,105297
13/02/2020,1539,1553.819946,1525,1525,1525,113347
14/02/2020,1532,1552,1513,1526,1526,63054
17/02/2020,1536,1550,1519.182983,1524,1524,32301
18/02/2020,1522,1548,1514,1522,1522,57792
19/02/2020,1525,1548,1520,1538,1538,31508
20/02/2020,1529,1550,1516,1520,1520,48120
21/02/2020,1510,1533,1504,1505,1505,36423
24/02/2020,1500,1521,1470,1472,1472,407489
25/02/2020,1500,1500,1432,1433,1433,282553
26/02/2020,1421,1441,1394,1409,1409,453093
27/02/2020,1393,1396,1363,1369,1369,275756
28/02/2020,1319,1349,1309,1344,1344,277995
02/03/2020,1354,1374,1297,1307,1307,189543
03/03/2020,1337,1351,1319,1328,1328,110507
04/03/2020,1324,1349,1319,1327,1327,185157
05/03/2020,1350,1350,1288,1305,1305,328280
06/03/2020,1300,1308,1273,1306,1306,445948
09/03/2020,1250,1265,1219,1219,1219,163172
10/03/2020,1251,1258,1189,1197,1197,200949
11/03/2020,1197,1227,1179,1182,1182,181930
12/03/2020,1085,1101,1031,1057,1057,312762
13/03/2020,1066,1123,921,921,921,493425
16/03/2020,905,907.5,694.5,710,710,495604
17/03/2020,735.5,743.5,550,657,657,548358
18/03/2020,644.5,711,552.249023,592.5,592.5,955567
19/03/2020,574.5,586,492,559.5,559.5,720894
20/03/2020,617,778.5,587,700,700,1122741
23/03/2020,679,719.5,575.5,692.5,692.5,435022
24/03/2020,713.5,845,700.5,845,845,773803
25/03/2020,870,1005.375,809,843.5,843.5,678551
26/03/2020,871.5,911.710999,837.5,908.5,908.5,383806
27/03/2020,872.5,908.81897,816,850.5,850.5,319488
30/03/2020,812.5,908.81897,791.210022,828.5,828.5,257287
31/03/2020,828.5,908.81897,791.210022,883.5,883.5,263079
01/04/2020,866.5,891.5,835.5,862.5,862.5,406623
02/04/2020,874.5,893,791.5,810,810,184656
03/04/2020,838,845.5,773.5,805.5,805.5,163386
06/04/2020,844.5,919.5,831.5,869.5,869.5,255302
07/04/2020,910,998,900,944.5,944.5,371494
08/04/2020,960,969,907.5,969,969,298887
09/04/2020,995,1038.23999,964,1020,1020,415511
14/04/2020,1028,1057,958.192993,961,961,458878
15/04/2020,948,956.5,817,822,822,541798
16/04/2020,825,865.5,784,833.5,833.5,418924
17/04/2020,870,883.5,841,852,852,289715
20/04/2020,851,894,830,839,839,376415
21/04/2020,839,839,801.736023,808,808,297118
22/04/2020,823.5,831.5,799,821,821,246754
23/04/2020,822,848,816.5,837,837,162777
24/04/2020,834,854,804.5,807.5,807.5,233178
27/04/2020,818,857,809,855.5,855.5,199025
28/04/2020,872,885,850,868.5,868.5,383403
29/04/2020,880,968,870.5,957.5,957.5,271843
30/04/2020,989,1046.959961,914.5,945,945,3932495
01/05/2020,970,977,929.5,952,952,746771
04/05/2020,955,959.599976,905,942,942,914050
05/05/2020,940,968,914,927.5,927.5,563803
06/05/2020,933,950,883.5,900,900,1336530
07/05/2020,947,955,892,905,905,378030
11/05/2020,910.5,938.5,877.5,877.5,877.5,418071
12/05/2020,880,895,830.5,869.5,869.5,625414
13/05/2020,865,865,824.5,841.5,841.5,673699
14/05/2020,841,872.5,741.72699,863,863,738736
15/05/2020,854.5,886,837,870,870,318787
18/05/2020,885,977.5,864,953.5,953.5,338384
19/05/2020,975,988.5,948.021973,973.5,973.5,282447
20/05/2020,961,981,938,974.5,974.5,233234
21/05/2020,957,999,950.5,986,986,956034
22/05/2020,985,1024,945.224976,1014,1014,359528
26/05/2020,1040,1155,1040,1119,1119,406597
27/05/2020,1149,1181,1102,1125,1125,504946
28/05/2020,1153,1209.633057,1136,1201,1201,528129
29/05/2020,1209,1219,1135,1137,1137,445301
01/06/2020,1157,1211.859985,1093.402954,1129,1129,458486
02/06/2020,1128,1149,1114.734985,1118,1118,309175
03/06/2020,1148,1188,1119,1172,1172,315486
04/06/2020,1175,1199.329956,1141,1146,1146,296801
05/06/2020,1162,1185,1123,1167,1167,583135
08/06/2020,1194,1227,1172,1174,1174,699749
09/06/2020,1206,1207.400024,1105.069946,1125,1125,490059
10/06/2020,1132,1157.349976,1092,1140,1140,432063
11/06/2020,1125,1125,1063,1073,1073,242000
12/06/2020,1060,1106.667969,1024,1080,1080,264711
15/06/2020,1058,1096,1040.369995,1078,1078,450828
16/06/2020,1110,1136,1068,1091,1091,156822
17/06/2020,1101,1121,1068,1092,1092,198181
18/06/2020,1089,1103.109009,1065,1094,1094,112748
19/06/2020,1081,1110,1063,1063,1063,900182
22/06/2020,1108,1144,1058.680054,1114,1114,452380
23/06/2020,1179,1189.505005,1110,1125,1125,518239
24/06/2020,1148,1150,1046,1046,1046,420736
25/06/2020,1054,1075,1009,1048,1048,306487
26/06/2020,1069,1069,1023.299988,1037,1037,183078
29/06/2020,1040,1056,999.085022,1025,1025,186890
30/06/2020,1030,1054.30896,996,1006,1006,272785
01/07/2020,1018,1029,1000.15802,1016,1016,214626
02/07/2020,1020,1095,1019.119995,1058,1058,232009
03/07/2020,1094,1096,1036,1054,1054,191433
06/07/2020,1100,1100,1017,1017,1017,283797
07/07/2020,1017,1037.723022,987.5,1007,1007,310260
08/07/2020,1002,1022.237976,975.5,975.5,975.5,517642
09/07/2020,982.5,996.5,938.085022,955,955,608767
10/07/2020,953,989.505981,941,956,956,684112
13/07/2020,965.5,997.211975,955,971.5,971.5,168680
14/07/2020,950.5,964.5,918.5,926,926,206201
15/07/2020,947.5,969,931.5,956,956,179171
16/07/2020,970,970,937,937,937,132864
17/07/2020,930,942.5,905.5,940,940,204349
20/07/2020,941,951.362,901.5,901.5,901.5,119662
21/07/2020,918,964.5,904.663025,956,956,207940
22/07/2020,963,967.5,921.20697,937.5,937.5,114000
23/07/2020,944.5,946,914.5,914.5,914.5,101747
24/07/2020,957,957,889.052002,892,892,495428
27/07/2020,890.5,892.619995,848,850.5,850.5,641179
28/07/2020,856,872.5,828.5,833,833,214454
29/07/2020,831,867.5,816,856.5,856.5,231835
30/07/2020,870,870,832.205017,850.5,850.5,192864
31/07/2020,845.5,868.719971,838.5,845,845,558329
03/08/2020,835,843,800.5,829,829,269783
04/08/2020,843.5,873.5,808.645996,870,870,229413
05/08/2020,840,918,840,917.5,917.5,177213
06/08/2020,919,934,896.5,934,934,175444
07/08/2020,930,963.5,923.276001,961,961,327772
10/08/2020,969.5,980,957.5,976,976,194144
11/08/2020,978,1024,978,1012,1012,472412
12/08/2020,993,1019,988.799988,1006,1006,214365
13/08/2020,999,1019.182007,985,1001,1001,198267
14/08/2020,1005,1011,968.5,985,985,152465
17/08/2020,981.5,999.5,970.414001,982,982,212248
18/08/2020,983,998.5,966,968.5,968.5,215899
19/08/2020,966,981.5,953.5,964.5,964.5,112608
20/08/2020,955.5,974,930.307983,941,941,101609
21/08/2020,944,974,933.357971,974,974,129429
24/08/2020,990,994.692017,933.356995,944,944,159904
25/08/2020,938.5,972.5,935,952.5,952.5,174293
26/08/2020,961,974,950,967.5,967.5,111313
27/08/2020,968,1013,959.5,1010,1010,146978
28/08/2020,1018,1025,991.5,1024,1024,186005
01/09/2020,1020,1027,972.5,1003,1003,151745
02/09/2020,999,1033,994,1011,1011,144049
03/09/2020,1031,1063,1004,1045,1045,249626
04/09/2020,1033,1064,1019,1056,1056,225651
07/09/2020,1066,1071,1037,1062,1062,127234
08/09/2020,1069,1075,1028,1046,1046,163548
09/09/2020,1039,1051.420044,947,947,947,316524
10/09/2020,965,971.327026,936.5,940,940,207006
11/09/2020,940,964.5,923,926.5,926.5,130861
14/09/2020,930.5,976,879.945007,914,914,338573
15/09/2020,911,940,883,893.5,893.5,315960
16/09/2020,894,914.5,883,888,888,160009
17/09/2020,886,903.5,854.5,861.5,861.5,341686
18/09/2020,857,861,807.5,851,851,760583
21/09/2020,851,851,757,774,774,673820
22/09/2020,764.5,798.843018,751.5,785,785,375636
23/09/2020,790,836.77002,783,819.5,819.5,528634
24/09/2020,813,843.815979,792.5,827.5,827.5,226074
25/09/2020,825.5,841.190979,811.5,836.5,836.5,162501
28/09/2020,851,887,823.5,877,877,278109
29/09/2020,865,882.953003,828,832.5,832.5,287211
30/09/2020,828,842,805.5,836.5,836.5,449523
01/10/2020,855,870,824,845,845,156704
02/10/2020,830,853,821.223022,853,853,120495
05/10/2020,860.5,891.5,853.700012,864.5,864.5,1334245
06/10/2020,838.5,900,836.5,900,900,654994
07/10/2020,857,909.5,857,882,882,995544
08/10/2020,867,939,864.999023,935,935,548465
09/10/2020,930.5,970,896.286011,963,963,658024
12/10/2020,943,966.784973,943,960.5,960.5,634015
13/10/2020,949.5,968,931.5,950,950,674769
14/10/2020,950,965.5,944.5,961.5,961.5,450963
15/10/2020,952,960,927,960,960,1930688
16/10/2020,942,958,773.5,773.5,773.5,2904765
19/10/2020,786,819.5,784.5,807.5,807.5,785631
20/10/2020,823.5,847.5,798,846,846,1197345
21/10/2020,850.5,872,827.5,860,860,1036329
22/10/2020,850,893,845.5,870,870,472247
23/10/2020,899,929,868,923.5,923.5,458695
26/10/2020,904,954.5,868,944.5,944.5,575885
27/10/2020,935.5,945.5,914,914,914,255506
28/10/2020,897,897,840,862.5,862.5,354032
29/10/2020,862,887,840,850,850,496326
30/10/2020,843,870.5,838.5,862,862,377586
02/11/2020,836.5,865.270996,786.5,855,855,514074
03/11/2020,850.5,911,835.5,902,902,329677
04/11/2020,909.5,930,889,920,920,284105
05/11/2020,913,939.5,891.5,925.5,925.5,511998
06/11/2020,902,930,898.5,917,917,178399
09/11/2020,914,1135,910.5,1104,1104,1171696
10/11/2020,1086,1168,1086,1120,1120,819472
11/11/2020,1124,1150,1082.312988,1120,1120,710754
12/11/2020,1126,1127,1022,1034,1034,423313
13/11/2020,1031,1053,1006,1037,1037,392849
16/11/2020,1043,1116,1028,1090,1090,1218272
17/11/2020,1114,1114,1046.02002,1060,1060,354608
18/11/2020,1040,1087,1040,1078,1078,203036
19/11/2020,1066,1083.899048,1050,1068,1068,287226
20/11/2020,1051,1081,1051,1070,1070,216393
23/11/2020,1087,1104.560059,1076,1100,1100,336794
24/11/2020,1103,1141,1097,1137,1137,1139790
25/11/2020,1104,1149,1104,1131,1131,878417
26/11/2020,1135,1144,1110,1135,1135,327845
27/11/2020,1100,1148,1055,1148,1148,335114
30/11/2020,1141,1157,1104,1104,1104,403696
01/12/2020,1125,1175,1107,1175,1175,720259
02/12/2020,1173,1246,1116,1152,1152,872677
03/12/2020,1149,1163,1127,1153,1153,518041
04/12/2020,1147,1183,1142.442993,1178,1178,1766513
07/12/2020,1200,1200,1135,1158,1158,291623
08/12/2020,1155,1167,1116,1126,1126,236390
09/12/2020,1130,1137,1106.025024,1133,1133,164010
10/12/2020,1132,1145.107056,1063,1093,1093,265034
11/12/2020,1090,1090,1042,1065,1065,257321
14/12/2020,1045,1099.272949,1040,1041,1041,603125
15/12/2020,1050,1074,1035,1070,1070,342014
16/12/2020,1051,1097,1051,1062,1062,366819
17/12/2020,1077,1133,1059.810059,1117,1117,394284
18/12/2020,1098,1118,1057,1069,1069,378500
21/12/2020,1023,1118,960,1031,1031,405868
22/12/2020,1042,1061,1028,1039,1039,120669
23/12/2020,1067,1105,1044,1102,1102,166984
24/12/2020,1093,1164,1092,1152,1152,166168
29/12/2020,1180,1184,1123,1123,1123,307771
30/12/2020,1151,1151,1126,1131,1131,127736
31/12/2020,1146,1146,1105.517944,1116,1116,63038
04/01/2021,1141,1149.469971,1043,1043,1043,400061
05/01/2021,1038,1095,1010,1095,1095,308570
06/01/2021,1099,1119,1088,1092,1092,288308
07/01/2021,1097,1101,1054,1072,1072,364458
08/01/2021,1070,1123,1070,1123,1123,477715
11/01/2021,1116,1134.517944,1106.881958,1108,1108,238652
12/01/2021,1117,1135,1107,1123,1123,145058
13/01/2021,1130,1133,1106,1115,1115,158836
14/01/2021,1101,1135,1101,1124,1124,412101
15/01/2021,1107,1131,1093,1121,1121,177524
18/01/2021,1123,1140,1063,1136,1136,260436
19/01/2021,1120,1195,1120,1183,1183,371510
20/01/2021,1185,1256,1180,1244,1244,1463066
21/01/2021,1249,1264,1231,1235,1235,388433
22/01/2021,1235,1235,1200.717041,1206,1206,468830
25/01/2021,1250,1250,1171,1180,1180,549782
26/01/2021,1200,1201,1151.417969,1168,1168,9248070
27/01/2021,1161,1180,1144,1167,1167,327868
28/01/2021,1167,1173,1126,1147,1147,821910
29/01/2021,1135,1197,1119,1151,1151,579352
01/02/2021,1152,1193,1140,1180,1180,684659
02/02/2021,1200,1224,1168,1219,1219,509106
03/02/2021,1215,1293,1215,1276,1276,520100
04/02/2021,1275,1298,1259,1261,1261,770931
05/02/2021,1271,1314.942993,1266,1300,1300,453623
08/02/2021,1264,1309,1251,1266,1266,463956
09/02/2021,1276,1301,1265,1285,1285,311998
10/02/2021,1289,1310,1242,1251,1251,749374
11/02/2021,1251,1251,1183,1218,1218,443346
12/02/2021,1220,1224,1174,1214,1214,289138
15/02/2021,1272,1302.150024,1241,1288,1288,406066
16/02/2021,1300,1309.827026,1258,1276,1276,259468
17/02/2021,1295,1295,1235,1253,1253,249131
18/02/2021,1256,1268,1237,1237,1237,948572
19/02/2021,1248,1262,1229.062988,1236,1236,235575
22/02/2021,1258,1350,1225,1338,1338,749682
23/02/2021,1350,1452.974976,1270,1279,1279,2520178
24/02/2021,1319,1338.479004,1282,1306,1306,885961
25/02/2021,1336,1336,1273,1276,1276,342674
26/02/2021,1264,1275,1222,1236,1236,1864190
01/03/2021,1261,1305,1242,1280,1280,370940
02/03/2021,1283,1292.238037,1244,1246,1246,202098
03/03/2021,1283,1338,1251,1321,1321,544294
04/03/2021,1315,1327.598999,1260,1279,1279,835100
05/03/2021,1268,1289,1250,1251,1251,407519
08/03/2021,1271,1283,1247,1271,1271,310416
09/03/2021,1271,1301,1263,1296,1296,240564
10/03/2021,1286,1306,1270,1300,1300,364453
11/03/2021,1296,1336,1276,1335,1335,274814
12/03/2021,1334,1356,1314,1356,1356,448169